"Code","National Career-Cluster","Credential Name","IRC Web Link","Issuing Entity","Costs","Accommodation Link","Eff. Date"
"IRC-1001","Supply Chain & Transportation","ABYC Marine Service Technician Certification","https://www.nocti.org/wp-content/uploads/Blueprints/PartABYCMarineSvcTech9126.pdf","NOCTI","The cost is $295 for members and $595 for non-members.","https://www.nocti.org/credentials/accessibility/","July 1, 2025"
"IRC-1002","Advanced Manufacturing","ADDA Apprentice Drafter Exam","https://www.adda.org/","American Design Drafting Association","Exam costs $85 for non-members and $75 for members.","https://certiport.pearsonvue.com/Educator-resources/Exam-policies/Accommodations","July 1, 2025"
"IRC-1003","Arts, Entertainment & Design, Management and Entrepreneurship","Adobe Acrobat Pro","https://certifiedprofessional.adobe.com/acrobat-pro","Adobe (Certiport)","The cost is $150","https://certiport.pearsonvue.com/Educator-resources/Exam-policies/Accommodations","July 1, 2025"
"IRC-1004","Arts, Entertainment & Design","Adobe Certified Professional After Effects","https://certiport.pearsonvue.com/Certifications/Adobe/ACP/Certify","Adobe (Certiport)","The cost is $150","https://certiport.pearsonvue.com/Educator-resources/Exam-policies/Accommodations","July 1, 2025"
"IRC-1005","Arts, Entertainment & Design","Adobe Certified Professional Animate","https://certiport.pearsonvue.com/Certifications/Adobe/ACP/Certify","Adobe (Certiport)","The cost is $150","https://certiport.pearsonvue.com/Educator-resources/Exam-policies/Accommodations","July 1, 2025"
"IRC-1006","Arts, Entertainment & Design","Adobe Certified Professional Dreamweaver","https://certiport.pearsonvue.com/Certifications/Adobe/ACP/Certify","Adobe (Certiport)","The cost is $150","https://certiport.pearsonvue.com/Educator-resources/Exam-policies/Accommodations","July 1, 2025"
"IRC-1007","Arts, Entertainment & Design, Marketing and Sales","Adobe Certified Professional Illustrator","https://certiport.pearsonvue.com/Certifications/Adobe/ACP/Certify","Adobe (Certiport)","The cost is $150","https://certiport.pearsonvue.com/Educator-resources/Exam-policies/Accommodations","July 1, 2025"
"IRC-1008","Arts, Entertainment & Design","Adobe Certified Professional InDesign","https://certiport.pearsonvue.com/Certifications/Adobe/ACP/Certify","Adobe (Certiport)","The cost is $150","https://certiport.pearsonvue.com/Educator-resources/Exam-policies/Accommodations","July 1, 2025"
"IRC-1009","Arts, Entertainment & Design, Marketing and Sales","Adobe Certified Professional Photoshop","https://certiport.pearsonvue.com/Certifications/Adobe/ACP/Certify","Adobe (Certiport)","The cost is $150","https://certiport.pearsonvue.com/Educator-resources/Exam-policies/Accommodations","July 1, 2025"
"IRC-1010","Arts, Entertainment & Design","Adobe Certified Professional Premiere Pro","https://certiport.pearsonvue.com/Certifications/Adobe/ACP/Certify","Adobe (Certiport)","The cost is $150","https://certiport.pearsonvue.com/Educator-resources/Exam-policies/Accommodations","July 1, 2025"
"IRC-1011","Marketing and Sales","Adobe Content Creation and Marketing Certification","https://certiport.pearsonvue.com/Certifications/Adobe/ACP/Certify/AdobeProSpecialty","Adobe (Certiport)","The cost is $150","https://certiport.pearsonvue.com/Educator-resources/Exam-policies/Accommodations","July 1, 2025"
"IRC-1012","Supply Chain & Transportation","Advanced Engine Performance Specialist Test L1","https://ase.com/","National Institute for Automotive Service Excellence (ASE)","The tests are $59 each and a $34 registration fee","https://www.ase.com/dist/docs/ADA-Request-Form.pdf","July 1, 2025"
"IRC-1013","Construction","American Welding Society Qualification","https://www.aws.org/certification-and-education/program-price-list/","American Welding Society (AWS)","The  exam costs $100, while Associate-level exams are $150 each","https://aws-p-001-delivery.sitecorecontenthub.cloud/api/public/content/Certification-Examination-ADA","July 1, 2025"
"IRC-1014","Agriculture","Animal Science Specialist Certification (AEST)","https://aest.ag/certify/certifications/animal-science/","Agriculture Education Services & Technology Inc. (AEST)","The initial exam fee is $85 and retake exam fees are $50","https://acvp.org/examination/ada-accommodations-request/#:~:text=Extended%20Time%20(1.5X),Report%20from%20licensed%20professional%20*","July 1, 2025"
"IRC-1015","Digital Technology","Apple Swift Level 1","https://certiport.pearsonvue.com/Certifications/Apple/App-Dev-With-Swift/Overview.aspx","Certiport","The Cost is $140","https://certiport.pearsonvue.com/Educator-resources/Exam-policies/Accommodations.aspx","July 1, 2025"
"IRC-1016","Supply Chain & Transportation","ASE Entry-Level Engine Repair","https://www.ase.com/entry-level","National Institute for Automotive Service Excellence (ASE)","The test are $59 each and $34 registration fee","https://www.ase.com/dist/docs/ADA-Request-Form.pdf","July 1, 2025"
"IRC-1017","Supply Chain & Transportation","ASE Entry-Level Automatic Transmission/Transaxle","https://www.ase.com/entry-level","National Institute for Automotive Service Excellence (ASE)","The test are $59 each and $34 registration fee","https://www.ase.com/dist/docs/ADA-Request-Form.pdf","July 1, 2025"
"IRC-1018","Supply Chain & Transportation","ASE Entry-Level Manual Drive Train & Axles","https://www.ase.com/entry-level","National Institute for Automotive Service Excellence (ASE)","The test are $59 each and $34 registration fee","https://www.ase.com/dist/docs/ADA-Request-Form.pdf","July 1, 2025"
"IRC-1019","Supply Chain & Transportation","ASE Entry-Level Suspension & Steering","https://www.ase.com/entry-level","National Institute for Automotive Service Excellence (ASE)","The test are $59 each and $34 registration fee","https://www.ase.com/dist/docs/ADA-Request-Form.pdf","July 1, 2025"
"IRC-1020","Supply Chain & Transportation","ASE Entry-Level Brakes","https://www.ase.com/entry-level","National Institute for Automotive Service Excellence (ASE)","The test are $59 each and $34 registration fee","https://www.ase.com/dist/docs/ADA-Request-Form.pdf","July 1, 2025"
"IRC-1021","Supply Chain & Transportation","ASE Entry-Level Electrical/Electronic Systems","https://www.ase.com/entry-level","National Institute for Automotive Service Excellence (ASE)","The test are $59 each and $34 registration fee","https://www.ase.com/dist/docs/ADA-Request-Form.pdf","July 1, 2025"
"IRC-1022","Supply Chain & Transportation","ASE Entry-Level Heating & Air Conditioning","https://www.ase.com/entry-level","National Institute for Automotive Service Excellence (ASE)","The test are $59 each and $34 registration fee","https://www.ase.com/dist/docs/ADA-Request-Form.pdf","July 1, 2025"
"IRC-1023","Supply Chain & Transportation","ASE Entry-Level Engine Performance","https://www.ase.com/entry-level","National Institute for Automotive Service Excellence (ASE)","The test are $59 each and $34 registration fee","https://www.ase.com/dist/docs/ADA-Request-Form.pdf","July 1, 2025"
"IRC-1024","Supply Chain & Transportation","ASE Entry-Level Diesel Engines","https://www.ase.com/entry-level","National Institute for Automotive Service Excellence (ASE)","The test are $59 each and $34 registration fee","https://www.ase.com/dist/docs/ADA-Request-Form.pdf","July 1, 2025"
"IRC-1025","Supply Chain & Transportation","ASE Entry-Level Automobile Service Technology","https://www.ase.com/entry-level","National Institute for Automotive Service Excellence (ASE)","The test are $59 each and $34 registration fee","https://www.ase.com/dist/docs/ADA-Request-Form.pdf","July 1, 2025"
"IRC-1026","Supply Chain & Transportation","ASE Entry-Level Maintenance and Light Repair","https://www.ase.com/entry-level","National Institute for Automotive Service Excellence (ASE)","The test are $59 each and $34 registration fee","https://www.ase.com/dist/docs/ADA-Request-Form.pdf","July 1, 2025"
"IRC-1027","Supply Chain & Transportation","ASE Entry-Level Painting and Refinishing","https://www.ase.com/entry-level","National Institute for Automotive Service Excellence (ASE)","The test are $59 each and $34 registration fee","https://www.ase.com/dist/docs/ADA-Request-Form.pdf","July 1, 2025"
"IRC-1028","Supply Chain & Transportation","ASE/609 Refrigerant Recovery and Recycling","https://www.ase.com/refrigerant-recovery-and-recycling-program","ASE Refrigerant Recovery and Recycling Program","The cost is $23 for the online test and $27 for the printed version.","https://www.ase.com/dist/docs/ADA-Request-Form.pdf","July 1, 2025"
"IRC-1029","Supply Chain & Transportation","ASE Entry-Level  Inspection Maintenance & Minor Repair","https://www.ase.com/entry-level","National Institute for Automotive Service Excellence (ASE)","The tests are $59 each and a $34 registration fee","https://www.ase.com/dist/docs/ADA-Request-Form.pdf","July 1, 2025"
"IRC-1030","Advanced Manufacturing","Autodesk 360 Fusion","https://www.autodesk.com/certification/overview","Autodesk","The cost can range from $150 to $250.","https://www.autodesk.com/certification/support","July 1, 2025"
"IRC-1031","Advanced Manufacturing","Autodesk AutoCAD Certified User","https://www.autodesk.com/certification/overview","Autodesk","Exam voucher ranges from $94 to $113.","https://www.autodesk.com/certification/support","July 1, 2025"
"IRC-1032","Advanced Manufacturing","Autodesk Inventor Certified User","https://www.autodesk.com/certification/overview","Autodesk","The exam costs between $110 and $140, including the proctoring fee.","https://www.autodesk.com/certification/support","July 1, 2025"
"IRC-1033","Construction, Advanced Manufacturing","Autodesk Revit Certified User","https://www.autodesk.com/certification/overview","Autodesk","The cost ranges from $100 to $140","https://www.autodesk.com/certification/support","July 1, 2025"
"IRC-1034","Arts, Entertainment & Design","AVID Pro Tools","https://www.avid.com/pro-tools","AVID","The certification itself cost around $150","https://www.avid.com/learning/certification","July 1, 2025"
"IRC-1035","Construction","AWS Certified Welding - BZ or NZ?","https://www.aws.org/certification-and-education/program-price-list/","American Welding Society (AWS)","The  exam costs $100, while Associate-level exams are $150 each","https://aws-p-001-delivery.sitecorecontenthub.cloud/api/public/content/Certification-Examination-ADA","July 1, 2025"
"IRC-1036","Construction","AWS Certified Welding - FCAW","https://www.aws.org/certification-and-education/program-price-list/","American Welding Society (AWS)","The  exam costs $100, while Associate-level exams are $150 each","https://aws-p-001-delivery.sitecorecontenthub.cloud/api/public/content/Certification-Examination-ADA","July 1, 2025"
"IRC-1037","Construction","AWS Certified Welding - GMAW","https://www.aws.org/certification-and-education/program-price-list/","American Welding Society (AWS)","The  exam costs $100, while Associate-level exams are $150 each","https://aws-p-001-delivery.sitecorecontenthub.cloud/api/public/content/Certification-Examination-ADA","July 1, 2025"
"IRC-1038","Construction","AWS Certified Welding - GTAW","https://www.aws.org/certification-and-education/program-price-list/","American Welding Society (AWS)","The  exam costs $100, while Associate-level exams are $150 each","https://aws-p-001-delivery.sitecorecontenthub.cloud/api/public/content/Certification-Examination-ADA","July 1, 2025"
"IRC-1039","Construction","AWS Certified Welding - SAW","https://www.aws.org/certification-and-education/program-price-list/","American Welding Society (AWS)","The  exam costs $100, while Associate-level exams are $150 each","https://aws-p-001-delivery.sitecorecontenthub.cloud/api/public/content/Certification-Examination-ADA","July 1, 2025"
"IRC-1040","Construction","AWS Certified Welding - GMAW-S","https://www.aws.org/certification-and-education/program-price-list/","American Welding Society (AWS)","The  exam costs $100, while Associate-level exams are $150 each","https://aws-p-001-delivery.sitecorecontenthub.cloud/api/public/content/Certification-Examination-ADA","July 1, 2025"
"IRC-1041","Construction","AWS Certified Welding - SMAW","https://www.aws.org/certification-and-education/program-price-list/","American Welding Society (AWS)","The  exam costs $100, while Associate-level exams are $150 each","https://aws-p-001-delivery.sitecorecontenthub.cloud/api/public/content/Certification-Examination-ADA","July 1, 2025"
"IRC-1042","Digital Technology","AWS-CP (Amazon Web Services Cloud Practitioner)","https://aws.amazon.com/certification/certified-cloud-practitioner/","Amazon Web Services","The cost is $100","https://aws.amazon.com/certification/policies/before-testing/","July 1, 2025"
"IRC-1043","Digital Technology","AWS-SA (Amazon Web Services Solutions Architect Associate)","https://aws.amazon.com/certification/certified-solutions-architect-associate/","Amazon Web Services","The cost is $150","https://aws.amazon.com/certification/policies/before-testing/","July 1, 2025"
"IRC-1044","Healthcare & Human Services","Barber License","https://labor.maryland.gov/license/barbers/barbersaff.shtml","Maryland Department of Labor","The cost is $56","https://www.labor.maryland.gov/license/barbers/barbersexam.shtml","July 1, 2025"
"IRC-1045","Healthcare & Human Services","Barber Stylist License","https://labor.maryland.gov/license/barbers/barbersaff.shtml","Maryland Department of Labor","The cost is $56","https://www.ada.gov/resources/testing-accommodations/#who-is-eligible-to-receive-testing-accommodations","July 1, 2025"
"IRC-1046","Agriculture","BASF Plant Science","https://agriculture.basf.us/community-relations/educational-resources/plant-science-certification.html","BASF (iCEV)","The exam cost is $40","https://www.icevonline.com/accommodations","July 1, 2025"
"IRC-1047","Healthcare & Human Services","Biotechnician Assistant Credentialing Exam (BACE)","https://biotility.research.ufl.edu/bace/","Biotility","The exam fee is $185","https://biotility.research.ufl.edu/bace/faq/","July 1, 2025"
"IRC-1048","Digital Technology","CCNA (200-301 Implementing and Administering Cisco Solutions)","https://certiport.pearsonvue.com/Certifications/Cisco/Certified-Support-Technician/Overview.aspx","Cisco (Certiport)","The cost is $150","https://certiport.pearsonvue.com/Educator-resources/Exam-policies/Accommodations.aspx","July 1, 2025"
"IRC-1049","Digital Technology","CCST Cybersecurity","https://www.cisco.com/site/us/en/learn/training-certifications/exams/ccst-cybersecurity.html","Cisco (Certiport)","The cost is $125","https://certiport.pearsonvue.com/Educator-resources/Exam-policies/Accommodations.aspx","July 1, 2025"
"IRC-1050","Digital Technology","CCST IT Support","https://www.cisco.com/site/us/en/learn/training-certifications/exams/ccst-it-support.html","Cisco (Certiport)","The cost is $125","https://certiport.pearsonvue.com/Educator-resources/Exam-policies/Accommodations.aspx","July 1, 2025"
"IRC-1051","Digital Technology","CCST Networking","https://www.cisco.com/site/us/en/learn/training-certifications/exams/ccst-networking.html","Cisco (Certiport)","The cost is $125","https://certiport.pearsonvue.com/Educator-resources/Exam-policies/Accommodations.aspx","July 1, 2025"
"IRC-1052","Advanced Manufacturing","Certified Additive Manufacturing Fundamentals","https://www.sme.org/training/additive-manufacturing-certification/additive-manufacturing-certification-process/","Society of Manufacturing Engineers","The cost can go up to $279 or more.","https://www.sme.org/training/additive-manufacturing-certification/","July 1, 2025"
"IRC-1053","Arts, Entertainment & Design","Certified Associate Webmaster (CAW)","https://webprofessionals.org/certification","WOW","The cost is $95","https://www.ada.gov/resources/testing-accommodations/","July 1, 2025"
"IRC-1054","Healthcare & Human Services","Certified Clinical Medical Assistant (CCMA)","https://www.nhanow.com/?utm_medium=cpc&utm_term=national%20healthcareer%20association%20nha&utm_source=google&utm_campaign=gs_br_mixed_certifications&utm_content=mixed_brand-pr-search&hsa_kw=national%20healthcareer%20association%20nha&hsa_acc=4754401107&hsa_ad=680953840234&hsa_net=adwords&hsa_src=g&hsa_tgt=kwd-2253119419653&hsa_grp=148129285605&hsa_mt=p&hsa_cam=20224135184&hsa_ver=3&gad_source=1&gad_campaignid=20224135184&gbraid=0AAAAAC2kImfyrH6ck0gU-Fw9Zor_MEF62&gclid=CjwKCAjwwqfABhBcEiwAZJjC3pVOYTsinCIX0QMSRj4d0NtzWUwV2zhReYNve7NNDfc-R6rCeJmrRhoCtscQAvD_BwE","National Healthcareer Association","The exam fee is $165","https://healthscienceconsulting.com/wp-content/uploads/2016/10/nha-accommodation-form.pdf","July 1, 2025"
"IRC-1055","Healthcare & Human Services","Certified Dental Assistant (DANB)","https://www.danb.org/exams/exam/cda-exam","Dental Assisting National Board, Inc.","","https://www.danb.org/exams/exam/cda-exam","July 1, 2025"
"IRC-1056","Healthcare & Human Services","Certified Dental Assistant (MSBDE)","https://health.maryland.gov/dental/Pages/home.aspx","Maryland State Board of Dental Examiners","","https://danbsfprodassets.azureedge.net/assets/docs/default-source/state-application-packets/mdg_mdo.pdf?sfvrsn=3e155b14_9#:~:text=Canceling%20or%20Rescheduling%20an%20Exam,not%20been%20canceled%20or%20rescheduled.","July 1, 2025"
"IRC-1057","Agriculture","Certified Floral Designer","https://aifd.org/membership/becoming-a-cfd/","American Institute of Floral Designers (AIFD)","The cost will varies for high school students.","https://aifd.org/membership/becoming-a-cfd/","July 1, 2025"
"IRC-1058","Hospitality, Events, and Tourism","Certified Fundamentals Cook (CFC)","https://www.acfchefs.org/ACF/Certify/Levels/Savory/CFC/ACF/Certify/Levels/CFC/default.aspx?section=certify&hkey=86de8c61-9d7d-4cbf-af4a-e4cb43a2fda6","American Culinary Federation (ACF)","ACF members - $75 & Non-Members $95","https://www.acfchefs.org/Downloads/Certification/Request-for-Special-Accommodations.pdf","July 1, 2025"
"IRC-1059","Hospitality, Events, and Tourism","Certified Fundamentals Pastry Cook (CFPC)","https://www.acfchefs.org/ACF/Certify/Levels/Pastry/CFPC/ACF/Certify/Levels/CFPC/default.aspx?section=certify&hkey=b1aa12e8-dc21-40d4-ab14-b4cd4cedf879","American Culinary Federation (ACF)","Members $35 & Non-Members $50","https://www.acfchefs.org/Downloads/Certification/Request-for-Special-Accommodations.pdf","July 1, 2025"
"IRC-1060","Advanced Manufacturing","Certified Logistics Associate","https://www.msscusa.org/certified-logistics-associate-cla-key-activities/","Manufacturing Skill Standards Council (MSSC)","$25","https://www.msscusa.org/wp-content/uploads/2022/10/CLT-4.0-Candidate-Handbook-v-15-Online.pdf","July 1, 2025"
"IRC-1061","Advanced Manufacturing","Certified Logistics Technician","https://www.msscusa.org/certification/","Manufacturing Skill Standards Council (MSSC)","$25","https://www.msscusa.org/wp-content/uploads/2022/10/CLT-4.0-Candidate-Handbook-v-15-Online.pdf","July 1, 2025"
"IRC-1062","Advanced Manufacturing","Certified Manufacturing Associate","https://www.sme.org/training/technical-certification/certified-manufacturing-associate/","Society of Manufacturing Engineers","The cost is around $795 to $895, including training and the exam.","https://www.sme.org/training/technical-certification/certified-manufacturing-associate/","July 1, 2025"
"IRC-1063","Advanced Manufacturing","Certified Manufacturing Technologist","https://www.sme.org/certification/","Society of Manufacturing Engineers","The cost for online exam is $245, while non-members pay $490","https://www.sme.org/training/technical-certification/certified-manufacturing-associate/","July 1, 2025"
"IRC-1064","Healthcare & Human Services","Certified Medical Administrative Assistant (CMAA)","https://www.nhanow.com/certification/nha-certifications/certified-clinical-medical-assistant-(ccma)","National Trade Institute","The cost ranges from $117  to  $200","https://www.naham.org/page/TestingAccommodations","July 1, 2025"
"IRC-1065","Healthcare & Human Services","Certified Nursing Assistant (CNA)","https://health.maryland.gov/mbon/pages/default.aspx","Maryland Board of Nursing","The cost is $20","https://www.nursingworld.org/certification/certification-policies/special-accommodations/#:~:text=The%20American%20Nurses%20Credentialing%20Center,See%20Important%20Notice%2C%20below.","July 1, 2025"
"IRC-1066","Advanced Manufacturing","Certified Onshape Professional","https://learn.onshape.com/courses/certified-onshape-professional","Onshape","The exam costs $100 per attempt.","https://learn.onshape.com/courses/certified-onshape-professional","July 1, 2025"
"IRC-1067","Healthcare & Human Services","Certified Personal Trainer","https://nspainc.com","National Strength Professionals Association (NSPA)","The cost ranges from $395 to $595","https://fit-pro.com/article-292-Special-Accommodations-Available-for-Candidates-with-Disabilities.html#:~:text=9%202007-,Special%20Accommodations%20Available%","July 1, 2025"
"IRC-1068","Healthcare & Human Services","Certified Pharmacy Technician (CPhT)","https://www.ptcb.org/credentials/certified-pharmacy-technician","Pharmacy Technician Certification Board","The fee is $45 for MD","https://ptcb.zendesk.com/hc/en-us/articles/360042628112-Testing-with-Accommodations#:~:text=PTCB%20offers%20testing%20accommodations%20for,%2C%20additional%20breaks%2C%20and%20more.&text=Some%20accommodations%20are%20available%20for,Waiver%20of%20automation%20tools","July 1, 2025"
"IRC-1069","Healthcare & Human Services","Certified Pharmacy Technician (ExCPT)","https://www.pharmtechs.org/pharmacy-technician-certification/#:~:text=What%20is%20certification?,two%20years%20to%20maintain%20certification.","National Healthcareer Association","The fee is $129","https://healthscienceconsulting.com/wp-content/uploads/2016/10/nha-accommodation-form.pdf","July 1, 2025"
"IRC-1070","Advanced Manufacturing","Certified Production Technician 4.0","https://www.msscusa.org/certification/production-certification-cpt/","Manufacturing Skill Standards Council (MSSC)","The cost ranges from $160 to $200","https://www.msscusa.org/wp-content/uploads/2022/10/CLT-4.0-Candidate-Handbook-v-15-Online.pdf","July 1, 2025"
"IRC-1071","Advanced Manufacturing","Certified Production Technician CPT+ Skill Boss","https://www.msscusa.org/cpt-skill-boss/","Manufacturing Skill Standards Council (MSSC)","The initial cost if $300","https://www.msscusa.org/wp-content/uploads/2022/10/CLT-4.0-Candidate-Handbook-v-15-Online.pdf","July 1, 2025"
"IRC-1072","Agriculture","Certified Professional Horticulturist (CPH)","https://mnlga.org/page/CPH","Maryland Nursery, Landscape and Greenhouse Association, Inc.","The cost for MCPH exam is $35","https://www.nbphe.org/certified-in-public-health/faqs/#:~:text=What%20about%20candidates%20with%20disabilities,before%20scheduling%20the%20CPH%20exam.","July 1, 2025"
"IRC-1073","Arts, Entertainment & Design","Certified Radio Operator","https://sbe.org/certification/certification-levels/certified-radio-operator-cro-and-certified-television-operator-cto/","Society of Broadcast Engineers","The license fee is $35","https://sbe.org/certification/applications/#:~:text=If%20the%20candidate%20is%20unable,appropriate%20facilities%20can%20be%20provided.","July 1, 2025"
"IRC-1074","Advanced Manufacturing","Certified SolidWorks Associate (CSWA-Mechanical Design)","https://www.solidworks.com/certifications/mechanical-design-cswa-mechanical-design","SolidWorks","Generally the cost is $99","https://www.solidworks.com/certifications/mechanical-design-cswa-mechanical-design","July 1, 2025"
"IRC-1075","Advanced Manufacturing","Certified SolidWorks Professional (CSWP-Mechanical Design)","https://www.solidworks.com/solidworks-certification-program","SolidWorks","Generally the cost is $99","https://www.solidworks.com/certifications/solidworks-cad-design-professional","July 1, 2025"
"IRC-1076","Arts, Entertainment & Design","Certified Web and Mobile App Developer Associate","https://webprofessionals.org/certification","WOW","The cost is $95","https://www.ada.gov/resources/testing-accommodations/","July 1, 2025"
"IRC-1077","Arts, Entertainment & Design","Certified Web Animator Associate","https://webprofessionals.org/certification","WOW","The cost is $95","https://www.ada.gov/resources/testing-accommodations/","July 1, 2025"
"IRC-1078","Arts, Entertainment & Design","Certified Web Designer Associate (CWDSA)","https://webprofessionals.org/certification","WOW","The cost is $95","https://www.ada.gov/resources/testing-accommodations/","July 1, 2025"
"IRC-1079","Arts, Entertainment & Design","Certified Web Developer Associate (CWDVA)","https://webprofessionals.org/certification","WOW","The cost is $95","https://www.ada.gov/resources/testing-accommodations/","July 1, 2025"
"IRC-1080","Education","Child Development Associate","https://www.cdacouncil.org/en/","Council for Professional Recognition","Initial CDA fee is $525 for online applications and $600 for paper","https://www.cdacouncil.org/en/cda-exam-special-accommodations/","July 1, 2025"
"IRC-1081","Supply Chain & Transportation","Class A Commercial Driver License (CDL)","https://mva.maryland.gov/drivers/Pages/cdl-commercial.aspx","Maryland Department of Transportation","The cost can range from $1500 to $5500","https://mva.maryland.gov/about-mva/Pages/Persons-With-Disabilities.aspx","July 1, 2025"
"IRC-1082","Supply Chain & Transportation","Class B Commercial Driver License (CDL)","https://mva.maryland.gov/drivers/Pages/cdl-commercial.aspx","Maryland Department of Transportation","The cost in MD is $2200","https://mva.maryland.gov/about-mva/Pages/Persons-With-Disabilities.aspx","July 1, 2025"
"IRC-1083","Supply Chain & Transportation","Commercial Learner's Permit (CLP)","https://mva.maryland.gov/drivers/Pages/cdl-commercial.aspx","Maryland Department of Transportation","Maryland cost is $106","https://mva.maryland.gov/about-mva/Pages/Persons-With-Disabilities.aspx","July 1, 2025"
"IRC-1084","Digital Technology","CompTIA A+","https://www.comptia.org/certifications/a","Computing Technology Industry Association (CompTIA)","The cost is $492","https://help.comptia.org/hc/en-us/articles/11183018549780-What-Are-Accommodations-and-How-Do-I-Request-One-If-Eligible","July 1, 2025"
"IRC-1085","Digital Technology","CompTIA Linux+","https://www.comptia.org/certifications/a","Computing Technology Industry Association (CompTIA)","The cost is $369","https://help.comptia.org/hc/en-us/articles/11183018549780-What-Are-Accommodations-and-How-Do-I-Request-One-If-Eligible","July 1, 2025"
"IRC-1086","Digital Technology","CompTIA Network+","https://www.comptia.org/certifications/a","Computing Technology Industry Association (CompTIA)","The cost is $369","https://help.comptia.org/hc/en-us/articles/11183018549780-What-Are-Accommodations-and-How-Do-I-Request-One-If-Eligible","July 1, 2025"
"IRC-1087","Digital Technology","CompTIA PenTest+","https://www.comptia.org/certifications/a","Computing Technology Industry Association (CompTIA)","The cost is $392","https://help.comptia.org/hc/en-us/articles/11183018549780-What-Are-Accommodations-and-How-Do-I-Request-One-If-Eligible","July 1, 2025"
"IRC-1088","Digital Technology","CompTIA Security+","https://www.comptia.org/certifications/a","Computing Technology Industry Association (CompTIA)","The cost is $404","https://help.comptia.org/hc/en-us/articles/11183018549780-What-Are-Accommodations-and-How-Do-I-Request-One-If-Eligible","July 1, 2025"
"IRC-1089","Healthcare & Human Services","Cosmetology License","https://www.labor.maryland.gov/license/cos/cosexam.shtml","Maryland Department of Labor","The cost I $77 Practical & Theory","https://www.labor.maryland.gov/license/cos/cosexam.shtml","July 1, 2025"
"IRC-1090","Digital Technology","Cyber Crime Investigator (CCI)","https://www.cool.osd.mil/dciv/credential/index.html?cert=ceci8720#:~:text=CECIs%20are%20experts%20in%20the,must%20pass%20a%20written%20exam.","Department of Defense","The costs will vary","https://www.dodea.edu/offices/equal-employment-opportunity-programs/reasonable-accommodations#:~:text=If%20you%20believe%20you%20need,throughout%20the%20reasonable%20accommodation%20process.","July 1, 2025"
"IRC-1091","Digital Technology","Cyber Ops","https://www.cisco.com/site/us/en/learn/training-certifications/certifications/cybersecurity/index.html","Cisco (Certiport)","The costs is $300","https://certiport.pearsonvue.com/Educator-resources/Exam-policies/Accommodations.aspx","July 1, 2025"
"IRC-1092","Digital Technology","CYSA+ (Cybersecurity Analyst)","https://www.comptia.org/certifications/cybersecurity-analyst","CompTIA","The cost is $392","https://help.comptia.org/hc/en-us/articles/11183018549780-What-Are-Accommodations-and-How-Do-I-Request-One-If-Eligible#:~:text=Understanding%20CompTIA%20CompCerts:%20Certificates%20of,Exam%20with%20an%20Approved%20Accommodation","July 1, 2025"
"IRC-1093","Advanced Manufacturing","Siemens Automation Fundamentals Certification: PLC","https://www.siemens.com/us/en/products/automation/systems/sce/certificates.html","Siemens","$165.00","https://training.plm.automation.siemens.com/support/cert_guide.pdf","July 1, 2026"
"IRC-1094","Supply Chain & Transportation","Differential and 4WD Systems","https://www.newfordtech.com/programs#:~:text=OUR%20PROGRAMS,The%20FACT%20Program","Ford Motor Company","Cost Varies","https://www.newfordtech.com/","July 1, 2025"
"IRC-1095","Digital Technology","Digital Forensic Examiner (DFE)","https://www.eccouncil.org/train-certify/digital-forensics-essentials-dfe/","Department of Defense","","https://www.dodea.edu/offices/equal-employment-opportunity-programs/reasonable-accommodations#:~:text=If%20you%20believe%20you%20need,throughout%20the%20reasonable%20accommodation%20process.","July 1, 2025"
"IRC-1096","Digital Technology","Digital Media Collector (DMC)","https://www.dcita.edu/","Department of Defense","","https://www.dodea.edu/offices/equal-employment-opportunity-programs/reasonable-accommodations#:~:text=If%20you%20believe%20you%20need,throughout%20the%20reasonable%20accommodation%20process.","July 1, 2025"
"IRC-1097","Agriculture","Ducks Unlimited Ecology Conservation & Management Certification","https://www.ducks.org/get-involved/youth-programs/ducks-unlimited-ecology-conservation-and-management-certification","Ducks Unlimited","The cost is $299 for the exam","https://www.icevonline.com/accommodations","July 1, 2025"
"IRC-1098","Agriculture, Supply Chain & Transportation,","EETC Principles of Small Engine Technology","https://www.icevonline.com/small-engines","Engine & Equipment Training Council (EETC) through iCEV","The cost is $59 per exam","https://www.icevonline.com/accommodations","July 1, 2025"
"IRC-1099","Agriculture","Elanco Animal Science","https://www.icevonline.com/animal-science","Elanco","The exam voucher is $40 and non-subscriber, it is $50","https://www.elanco.com/us/contact","July 1, 2025"
"IRC-1100","Agriculture","Elanco Vet Medicine","https://www.icevonline.com/vet-med","Elanco","The exam voucher is $40 and non-subscriber, it is $50","https://www.elanco.com/us/contact","July 1, 2025"
"IRC-1101","Construction","Electrical Line Worker Program Pre-Apprenticeship Certificate","https://www.utilitrain.org","Utilitrain","","","July 1, 2025"
"IRC-1102","Public Service & Safety","Emergency Medical Responder (EMR) (MIEMSS)","https://www.miemss.org/home/","Maryland Institute for Emergency Medical Services Systems (MIEMSS)","The cost may vary for high school students","https://www.nremt.org/Policies/Examination-Policies/ADA-Accommodations","July 1, 2025"
"IRC-1103","Public Service & Safety","Emergency Medical Technician (EMT) (MIEMSS)","https://www.miemss.org/home/","Maryland Institute for Emergency Medical Services Systems (MIEMSS)","The cost may vary for high school students","https://www.nremt.org/Policies/Examination-Policies/ADA-Accommodations","July 1, 2025"
"IRC-1104","Public Service & Safety","Emergency Medical Technician (EMT) (NREMT)","https://www.nremt.org/","National Registry of Emergency Medical Technicians","The cost may vary for high school students","https://www.nremt.org/Policies/Examination-Policies/ADA-Accommodations","July 1, 2025"
"IRC-1105","Management and Entrepreneurship","Entrepreneurship and Small Business","https://certiport.pearsonvue.com/Certifications/ESB/Certification/Overview","Certiport","Exam is $84","https://certiport.pearsonvue.com/Educator-resources/Exam-policies/Accommodations.aspx","July 1, 2025"
"IRC-1106","Construction","EPA Section 608 Core plus Type I","https://www.escogroup.org/training/epa608.aspx","ESCO Group","The cost ranges from $10 to $220","https://www.epa.gov/ocr/reasonable-accommodation","July 1, 2025"
"IRC-1107","Construction","EPA Section 608 Core plus Type II","https://www.escogroup.org/training/epa608.aspx","ESCO Group","The cost ranges from $10 to $220","https://www.epa.gov/ocr/reasonable-accommodation","July 1, 2025"
"IRC-1108","Construction","EPA Section 608 Core plus Type III","https://www.escogroup.org/training/epa608.aspx","ESCO Group","The cost ranges from $10 to $220","https://www.epa.gov/ocr/reasonable-accommodation","July 1, 2025"
"IRC-1109","Construction","EPA Section 608 Technician","https://www.escogroup.org/training/epa608.aspx","ESCO Group","The cost ranges from $10 to $220","https://www.epa.gov/ocr/reasonable-accommodation","July 1, 2025"
"IRC-1110","Agriculture","Equine Management & Evaluation Certification","https://www.icevonline.com/equine-management","National Horse Judging Team Coaches' Association (NHJTCA)","The exam voucher is $40 and non-subscriber, it is $50","https://www.icevonline.com/accommodations","July 1, 2025"
"IRC-1111","Agriculture","Erosion and Sediment Control","https://roads.maryland.gov/mdotsha/pages/Index.aspx?PageId=56#:~:text=There%20is%20no%20fee%20for,finish%20it%20in%20one%20sitting.","Maryland Department of the Environment (MDE)","No fee","https://mde.maryland.gov/programs/water/pages/index.aspx","July 1, 2025"
"IRC-1112","Agriculture, Public Service & Safety","ESRI ArcGIS Desktop Certification - NOTE: POS for JRUSAF","https://community.esri.com/t5/esri-technical-certification-program-information/esri-exam-voucher-pricing-and-purchase-options/ba-p/1568115/jump-to/first-unread-message#:~:text=You%20can%20learn%20more%20about,a%20credit%20card%20or%20PayPal.","ESRI Academy","The exam voucher is $275.00","https://www.esri.com/training/certification-take-exam/","July 1, 2025"
"IRC-1113","Public Service & Safety","ESRI GIS Fundamentals Foundation (EGFF2201)","https://community.esri.com/t5/esri-technical-certification-program-information/esri-exam-voucher-pricing-and-purchase-options/ba-p/1568115/jump-to/first-unread-message#:~:text=You%20can%20learn%20more%20about,a%20credit%20card%20or%20PayPal.","ESRI Academy","The cost is $275","https://www.esri.com/training/certification-take-exam/","July 1, 2025"
"IRC-1114","Supply Chain & Transportation, Agriculture","FAA Part 107 Drone Pilot License","https://www.faa.gov/uas/commercial_operators/become_a_drone_pilot","Federal Aviation Administration","The Part 107 test costs is $175. Each drone must registered at a cost of $5 per drone for three years.","https://www.neurodiversityworks.org/post/part-107-exam-disability-accommodations-resource","July 1, 2025"
"IRC-1115","Advanced Manufacturing","FCR-O1 (Operator 1)","https://www.fanucamerica.com/education/nocti-certifications-robotics","FANUC America","Typically costs around $2000","https://www.azed.gov/sites/default/files/2019/08/Fanuc%20NOCTI%20Fact%20sheet.pdf?id=5d4b3a441dcb2512042e9879#:~:text=online%20test%20order%20is%202,requiring%20accommodations%20during%20test%20administration","July 1, 2025"
"IRC-1116","Advanced Manufacturing","FCR-O2 (Operator 2)","https://www.fanucamerica.com/education/nocti-certifications-robotics","FANUC America","Typically costs around $2000","https://www.azed.gov/sites/default/files/2019/08/Fanuc%20NOCTI%20Fact%20sheet.pdf?id=5d4b3a441dcb2512042e9879#:~:text=online%20test%20order%20is%202,requiring%20accommodations%20during%20test%20administration","July 1, 2025"
"IRC-1117","Public Service & Safety","Fire Fighter I","https://www.mfri.org/","Maryland Fire and Rescue Institute","Cost not listed for high school students.","https://www.mfri.org/equity/","July 1, 2025"
"IRC-1118","Public Service & Safety","Fire Fighter II","https://www.mfri.org/","Maryland Fire and Rescue Institute","Cost not listed for high school students.","https://www.mfri.org/equity/","July 1, 2025"
"IRC-1119","Supply Chain & Transportation","Forklift Operator Certificate","https://www.nationalforkliftfoundation.com/?utm_term=forklift%20certification%20online&utm_campaign=Exact&utm_source=adwords&utm_medium=ppc&hsa_acc=8277891997&hsa_cam=9818171279&hsa_grp=102965267467&hsa_ad=644109356840&hsa_src=g&hsa_tgt=kwd-297834637596&hsa_kw=forklift%20certification%20online&hsa_mt=b&hsa_net=adwords&hsa_ver=3&gad_source=1&gad_campaignid=9818171279&gbraid=0AAAAACcgF1w6t4hcOVKOwIMZIvOIr8sT5&gclid=CjwKCAjwwqfABhBcEiwAZJjC3lcr8WF2TnIQUqGdHNIQE6CK0qbYw6P291dVqYZg8iwhfW8yOOJJsBoC1FMQAvD_BwE","Multiple: Must be Occupational Safety and Health Administration Approved","The cost range from $50 to $300","https://www.ada.gov/resources/testing-accommodations/","July 1, 2025"
"IRC-1120","Energy and Natural Resources, Agriculture, Public Service & Safety","Geographic Information System (GIS) Certification","http://www.digitalquest.com/certification.html","Digital Quest","Cost between $450 to $500","https://www.gisci.org/Want-to-be-a-GISP/The-Exam/Accommodations#:~:text=Contact%20GISCI%20in%20advance%20of,documentation%20that%20verifies%20their%20disability.","July 1, 2025"
"IRC-1121","Healthcare & Human Services","Geriatric Nursing Assistant (GNA)","https://health.maryland.gov/mbon/pages/default.aspx","Maryland Board of Nursing","No fee","https://www.nursingworld.org/certification/certification-policies/special-accommodations/#:~:text=The%20American%20Nurses%20Credentialing%20Center,See%20Important%20Notice%2C%20below.","July 1, 2025"
"IRC-1122","Digital Technology","Google Data Analytics Professional Certificate","https://www.coursera.org/professional-certificates/google-data-analytics","Google","The cost is $300","https://edu.google.com/our-values/accessibility/#:~:text=files%20to%20video.-,Google%20Workspace%20for%20Education%20Features,Learn%20More","July 1, 2025"
"IRC-1123","Healthcare & Human Services","Hairstylist License","https://www.labor.maryland.gov/license/cos/cosexam.shtml","Maryland Department of Labor","The cost is $77 Practical & Theory","https://www.ada.gov/resources/testing-accommodations/#who-is-eligible-to-receive-testing-accommodations","July 1, 2025"
"IRC-1124","Public Service & Safety","Hazardous Material Operations","https://www.mfri.org/","Maryland Fire and Rescue Institute","Cost not listed for high school students.","https://www.mfri.org/equity/","July 1, 2025"
"IRC-1125","Supply Chain & Transportation","Hazardous Materials Handler Certification","https://www.oshaeducationcenter.com/hazmat/dot-hazmat/#:~:text=About%20DOT%20HAZMAT%20Transportation:%20All,Certified%20Safety%20Professionals%20(BCSP).","Multiple: Must be Department of Transportation Approved","The cost range from $30 to $100","https://mva.maryland.gov/about-mva/Pages/Persons-With-Disabilities.aspx","July 1, 2025"
"IRC-1126","Hospitality, Events, and Tourism","Hospitality & Tourism Specialist Exam","https://ahlei.servsafebrands.com/training-and-certification-overview","American Hotel & Lodging Educational Institute","The cost is $87","https://certiport.pearsonvue.com/Educator-resources/Exam-policies/Accommodations","July 1, 2025"
"IRC-1127","Supply Chain & Transportation","I-CAR Aluminum GMA (MIG) Welding Certificate","https://www.i-car.com/","Inter-Industry Conference on Auto Collision Repair  (I-CAR)","Cost is $1495 for Aluminum GMA Welding certification","https://ed.sc.gov/instruction/career-and-technical-education/performance-accountability/career-and-technical-education-technical-skill-assessments/i-car-testing-information-form/#:~:text=What%20accommodations%20do%20you%20routinely,CAR%20or%20the%20proctor%20/%20instructor.","July 1, 2025"
"IRC-1128","Supply Chain & Transportation","I-CAR Non-Structural Technician Platinum ProLevel 1 Credential","https://www.i-car.com/","Inter-Industry Conference on AutoCollision Repair      (I-CAR)","Per student fee is $50 for the Intro. To Collision Repair Series","https://ed.sc.gov/instruction/career-and-technical-education/performance-accountability/career-and-technical-education-technical-skill-assessments/i-car-testing-information-form/#:~:text=What%20accommodations%20do%20you%20routinely,CAR%20or%20the%20proctor%20/%20instructor.","July 1, 2025"
"IRC-1129","Supply Chain & Transportation","I-CAR Refinish Technician Platinum ProLevel 1 Credential","https://www.i-car.com/","Inter-Industry Conference on Auto Collision Repair     (I-CAR)","ProLevel 1 certificate costs is $499","https://ed.sc.gov/instruction/career-and-technical-education/performance-accountability/career-and-technical-education-technical-skill-assessments/i-car-testing-information-form/#:~:text=What%20accommodations%20do%20you%20routinely,CAR%20or%20the%20proctor%20/%20instructor.","July 1, 2025"
"IRC-1130","Supply Chain & Transportation","I-CAR Steel GMA Welding Certificate","https://www.i-car.com/","Inter-Industry Conference on Auto Collision Repair     (I-CAR)","Certification costs is $235","https://ed.sc.gov/instruction/career-and-technical-education/performance-accountability/career-and-technical-education-technical-skill-assessments/i-car-testing-information-form/#:~:text=What%20accommodations%20do%20you%20routinely,CAR%20or%20the%20proctor%20/%20instructor.","July 1, 2025"
"IRC-1131","Public Service & Safety","ICS-100.C (Introduction to the Incident Command System); IS-200.C (Basic Incident Command System for Initial Response); S-700.B (Introduction to the National Incident Management System)","https://cdp.dhs.gov/femasid#:~:text=a%20FEMA%20SID?-,FEMA%20Student%20Identification%20(SID)%20number%20is%20a%20unique%20number%20generated,will%20be%20emailed%20to%20you.","National Disaster and Emergency Management University - Department of Homeland Security - FEMA","Free to all test-takers","https://training.fema.gov/iemc/accommodation.aspx","July 1, 2025"
"IRC-1132","Construction","IEC Chesapeake Electrical Pre-Apprenticeship","https://www.iecchesapeake.com","IEC Chesapeake","","","July 1, 2025"
"IRC-1133","Digital Technology","IT Specialist: Cybersecurity","https://www.cisco.com/site/us/en/learn/training-certifications/certifications/cybersecurity/index.html","Cisco","Starting at $470","https://certiport.pearsonvue.com/Educator-resources/Exam-policies/Accommodations.aspx","July 1, 2025"
"IRC-1134","Digital Technology","IT Specialist: Databases","https://certiport.pearsonvue.com/Certifications/ITSpecialist/Certification/Overview.aspx","Certiport","Ranges from $245 to $326","https://certiport.pearsonvue.com/Educator-resources/Exam-policies/Accommodations.aspx","July 1, 2025"
"IRC-1135","Digital Technology","IT Specialist: Java","https://certiport.pearsonvue.com/Certifications/ITSpecialist/Certification/Overview.aspx","Certiport","Exam voucher cost is $133","https://certiport.pearsonvue.com/Educator-resources/Exam-policies/Accommodations.aspx","July 1, 2025"
"IRC-1136","Digital Technology","IT Specialist: Network Security","https://certiport.pearsonvue.com/Certifications/ITSpecialist/Certification/Overview.aspx","Certiport","Exam voucher cot is $133","https://certiport.pearsonvue.com/Educator-resources/Exam-policies/Accommodations.aspx","July 1, 2025"
"IRC-1137","Digital Technology","IT Specialist: Networking","https://certiport.pearsonvue.com/Certifications/ITSpecialist/Certification/Overview.aspx","Certiport","Ranges from $133 to $151","https://certiport.pearsonvue.com/Educator-resources/Exam-policies/Accommodations.aspx","July 1, 2025"
"IRC-1138","Digital Technology","IT Specialist: Python","https://certiport.pearsonvue.com/Certifications/ITSpecialist/Certification/Overview.aspx","Certiport","The cost is $133","https://certiport.pearsonvue.com/Educator-resources/Exam-policies/Accommodations.aspx","July 1, 2025"
"IRC-1139","Public Service & Safety","Law and Public Safety Introductory Level Competency","https://lapsen.org/lpsilc-2/","Law and Public Safety Education Network (LAPSEN)","LAPSEN members $16 and non-members $20","https://lapsen.org/student-certification/","July 1, 2025"
"IRC-1140","Construction","Leadership in Energy and Environmental Design (LEED) Green Associate Credential","https://www.usgbc.org/credentials/leed-green-associate","U.S. Green Building Council (USGBC)","The cost falls between $640 and $1000","https://support.usgbc.org/hc/en-us/articles/6826338507155-Exam-Preparation#:~:text=Each%20request%20is%20evaluated%20individually,exam%20to%20a%20translated%20exam.","July 1, 2025"
"IRC-1141","Digital Technology","LPI Linux Essentials","https://www.lpi.org/our-certifications/linux-essentials-overview/","Linux Professional Institute (LPI)","The cost is $120","https://www.pearsonvue.com/us/en/test-takers/accommodations/select-program.html","July 1, 2025"
"IRC-1142","Digital Technology","Magnet Certified Forensics Examiner (MCFE)","https://training.magnetforensics.com/w/courses/64-magnet-certified-forensics-examiner-mcfe","Magnet Forensics","The cost is free for those that have completed the prerequisite training courses.","https://www.magnetforensics.com/accessibility/","July 1, 2025"
"IRC-1143","Supply Chain & Transportation","Maintenance and Light Repair G1","https://www.ase.com/dates-fees-test-times","National Institute for Automotive Service Excellence (ASE)","The cost is $59, plus $34 registration fee, for a total of $93","https://www.ase.com/dist/docs/ADA-Request-Form.pdf","July 1, 2025"
"IRC-1144","Supply Chain & Transportation","Manual Transmission and Transaxle Repair","https://www.newfordtech.com/programs#:~:text=OUR%20PROGRAMS,The%20FACT%20Program","Ford Motor Company","Cost varies","https://www.newfordtech.com/","July 1, 2025"
"IRC-1145","Healthcare & Human Services","Medical Administrative Specialist (CMAS)","https://americanmedtech.org/medical-administrative-specialist","American Medical Technologists (AMT)","The fee is $125","https://certiport.pearsonvue.com/Educator-resources/Exam-policies/Accommodations","July 1, 2025"
"IRC-1146","Healthcare & Human Services","Medical Assistant (RMA)","https://americanmedtech.org/medical-assistant","American Medical Technologists (AMT)","The fee is $120","https://certiport.pearsonvue.com/Educator-resources/Exam-policies/Accommodations","July 1, 2025"
"IRC-1147","Digital Technology","Microsoft Certified: Azure Fundamentals","https://learn.microsoft.com/en-us/credentials/certifications/azure-fundamentals/?practice-assessment-type=certification","Microsoft","The cost is $99","https://learn.microsoft.com/en-us/credentials/certifications/accommodations","July 1, 2025"
"IRC-1148","Management and Entrepreneurship","Microsoft Office Associate","https://learn.microsoft.com/en-us/credentials/certifications/microsoft-office-specialist-associate-2019/","Microsoft","The cost is $100 per exam","https://learn.microsoft.com/en-us/credentials/certifications/accommodations","July 1, 2025"
"IRC-1149","Hospitality, Events, and Tourism","Nail Technician","https://www.labor.maryland.gov/license/cos/cosexam.shtml","Maryland Department of Labor","Practical and Theory - $77","https://www.ada.gov/resources/testing-accommodations/#who-is-eligible-to-receive-testing-accommodations","July 1, 2025"
"IRC-1150","Public Service & Safety","National Basic 9-1-1 Dispatch Certification","https://lapsen.org/neci911/","Law and Public Safety Education Network (LAPSEN)","LAPSEN members $50 and non-members $75","https://lapsen.org/student-certification/","July 1, 2025"
"IRC-1151","Public Service & Safety","National Basic Crime Scene Investigator","https://lapsen.org/bcsp/","Law and Public Safety Education Network (LAPSEN)","LAPSEN members $20 and non-members $25","https://lapsen.org/student-certification/","July 1, 2025"
"IRC-1152","Healthcare & Human Services","National Certified Medical Assistant (NCMA)","https://www.ncctinc.com/","National Center for Competency Testing (NCCT)","The exam fee is $119","https://www.ncctinc.com/documents/Accommodations%20Form.pdf","July 1, 2025"
"IRC-1153","Healthcare & Human Services","National Entry Level Dental Assistant (DANB)","https://www.danb.org/exams/exam/nelda-exam","Dental Assisting National Board, Inc.","The cost of initial exam is $400","https://www.danb.org/exams/exam/cda-exam","July 1, 2025"
"IRC-1154","Hospitality, Events, and Tourism","National ProStart Certificate of Achievement","https://myprostart.chooserestaurants.org/Students/Curriculum","National Restaurant Association","Level 1 & 2 - $17.97 each","https://assets-002.noviams.com/novi-file-uploads/ram/pdfs_and_documents/Prostart_Teachers/prostart_examadmin_hndbk-7fd4f31f.pdf","July 1, 2025"
"IRC-1155","Public Service & Safety","Nationally Registered Paramedic","https://www.nremt.org/Paramedic/Certification","National Registry of Emergency Medical Technicians","The exam fee is $160","https://content.nremt.org/static/documents/accommodations-policy.pdf#:~:text=The%20National%20Registry%20of%20Emergency%20Medical%20Technicians,by%20the%20Americans%20with%20Disabilities%20Act%20(ADA).&text=Only%20individuals%20with%20disabilities%20who%2C%20with%20or,the%20requested%20examination%20are%20eligible%20for%20accommodations.","July 1, 2025"
"IRC-1156","Public Service & Safety","National Law Enforcement Certification","https://lapsen.org/national-le-certification/","Law and Public Safety Education Network (LAPSEN)","LAPSEN members $20 and non-members $25","https://lapsen.org/student-certification/","July 1, 2025"
"IRC-1157","Agriculture","Natural Resource Conservation Service (NRCS) Fundamentals of Conservation & Sustainability in Agriculture","https://www.icevonline.com/nrcs","United States Department of Agriculture Natural Resources Conservation Service","The initial certification cost is $100 & $10 for reexamination","https://www.nrcs.usda.gov/state-offices/texas/news/new-nrcs-fundamentals-of-conservation#:~:text=The%20certification%20verifies%20individuals%20have%20obtained%20exceptional,including%20soil%2C%20water%2C%20air%2C%20plants%20and%20animals.&text=The%20Fundamentals%20of%20Conservation%20&%20Sustainability%20in,that%20will%20help%20feed%20the%20growing%20world.","July 1, 2025"
"IRC-1158","Construction","NCCER Core plus Level 1 Carpentry","https://www.nccer.org/","National Center for Construction Education & Research (NCCER)","The Core Level test costs $27. Level 1 varies depending on the specific program","https://nccer.my.site.com/Support/s/article/TestingFAQs","July 1, 2025"
"IRC-1159","Construction","NCCER Core plus Level 1 Electrical","https://www.nccer.org/","National Center for Construction Education & Research (NCCER)","The Core Level test costs $27. Level 1 varies depending on the specific program","https://nccer.my.site.com/Support/s/article/TestingFAQs","July 1, 2025"
"IRC-1160","Construction","NCCER Core plus Level 1 HVAC","https://www.nccer.org/","National Center for Construction Education & Research (NCCER)","The Core Level test costs $27. Level 1 varies depending on the specific program","https://nccer.my.site.com/Support/s/article/TestingFAQs","July 1, 2025"
"IRC-1161","Construction","NCCER Core plus Level 1 Industrial Maintenance","https://www.nccer.org/","National Center for Construction Education & Research (NCCER)","The Core Level test costs $27. Level 1 varies depending on the specific program","https://nccer.my.site.com/Support/s/article/TestingFAQs","July 1, 2025"
"IRC-1162","Construction","NCCER Core plus Level 1 Masonry","https://www.nccer.org/","National Center for Construction Education & Research (NCCER)","The Core Level test costs $27. Level 1 varies depending on the specific program","https://nccer.my.site.com/Support/s/article/TestingFAQs","July 1, 2025"
"IRC-1163","Construction","NCCER Core plus Level 1 Plumbing","https://www.nccer.org/","National Center for Construction Education & Research (NCCER)","The Core Level test costs $27. Level 1 varies depending on the specific program","https://nccer.my.site.com/Support/s/article/TestingFAQs","July 1, 2025"
"IRC-1164","Construction","NCCER Core plus Level 1 Welding","https://www.nccer.org/","National Center for Construction Education & Research (NCCER)","The Core Level test costs $27. Level 1 varies depending on the specific program","https://nccer.my.site.com/Support/s/article/TestingFAQs","July 1, 2025"
"IRC-1165","Advanced Manufacturing","NIMS CNC Milling: Operations with Measurement, Materials & Safety","https://www.nims-skills.org/","National Institute for Metalworking Skills Inc. (NIMS)","The individual fee for one-time is $40","https://www.nims-skills.org/sites/default/files/media/document/Policy%20-%20Paper%20Tests%20%26%20Accommodations_0.pdf","July 1, 2025"
"IRC-1166","Advanced Manufacturing","NIMS CNC Milling: PGM Setup & Operations with Measurement, Materials & Safety","https://www.nims-skills.org/","National Institute for Metalworking Skills Inc. (NIMS)","The individual fee for one-time is $40","https://www.nims-skills.org/sites/default/files/media/document/Policy%20-%20Paper%20Tests%20%26%20Accommodations_0.pdf","July 1, 2025"
"IRC-1167","Advanced Manufacturing","NIMS CNC Turning: Operations with Measurement, Materials & Safety","https://www.nims-skills.org/","National Institute for Metalworking Skills Inc. (NIMS)","The individual fee for one-time is $40","https://www.nims-skills.org/sites/default/files/media/document/Policy%20-%20Paper%20Tests%20%26%20Accommodations_0.pdf","July 1, 2025"
"IRC-1168","Advanced Manufacturing","NIMS CNC Turning: Programming Setup & Operations with Measurement, Materials & Safety","https://www.nims-skills.org/","National Institute for Metalworking Skills Inc. (NIMS)","The individual fee for one-time is $40","https://www.nims-skills.org/sites/default/files/media/document/Policy%20-%20Paper%20Tests%20%26%20Accommodations_0.pdf","July 1, 2025"
"IRC-1169","Advanced Manufacturing","NIMS Drill Press Skills I with Measurement, Materials & Safety exam","https://www.nims-skills.org/","National Institute for Metalworking Skills Inc. (NIMS)","The individual fee for one-time is $40","https://www.nims-skills.org/sites/default/files/media/document/Policy%20-%20Paper%20Tests%20%26%20Accommodations_0.pdf","July 1, 2025"
"IRC-1170","Advanced Manufacturing","NIMS Grinding Skills I with Measurement, Materials & Safety exam","https://www.nims-skills.org/","National Institute for Metalworking Skills Inc. (NIMS)","The individual fee for one-time is $40","https://www.nims-skills.org/sites/default/files/media/document/Policy%20-%20Paper%20Tests%20%26%20Accommodations_0.pdf","July 1, 2025"
"IRC-1171","Advanced Manufacturing","NIMS Job Planning, Benchwork & Layout with Measurement, Materials & Safety exam","https://www.nims-skills.org/","National Institute for Metalworking Skills Inc. (NIMS)","The individual fee for one-time is $43","https://www.nims-skills.org/sites/default/files/media/document/Policy%20-%20Paper%20Tests%20%26%20Accommodations_0.pdf","July 1, 2025"
"IRC-1172","Advanced Manufacturing","NIMS Manual Milling Skills I with Measurement, Materials & Safety exam","https://www.nims-skills.org/","National Institute for Metalworking Skills Inc. (NIMS)","The individual fee for one-time is $40","https://www.nims-skills.org/sites/default/files/media/document/Policy%20-%20Paper%20Tests%20%26%20Accommodations_0.pdf","July 1, 2025"
"IRC-1173","Advanced Manufacturing","NIMS Turning Operations: Turning Between Centers with Measurement, Materials & Safety exam","https://www.nims-skills.org/","National Institute for Metalworking Skills Inc. (NIMS)","The individual fee for one-time is $40","https://www.nims-skills.org/sites/default/files/media/document/Policy%20-%20Paper%20Tests%20%26%20Accommodations_0.pdf","July 1, 2025"
"IRC-1174","Advanced Manufacturing","NIMS Turning Operations: Turning Chucking Skills with Measurement, Materials & Safety exam","https://www.nims-skills.org/","National Institute for Metalworking Skills Inc. (NIMS)","The individual fee for one-time is $40","https://www.nims-skills.org/sites/default/files/media/document/Policy%20-%20Paper%20Tests%20%26%20Accommodations_0.pdf","July 1, 2025"
"IRC-1175","Supply Chain & Transportation","Non-Structural Analysis and Damage Repair student","https://www.ase.com/dates-fees-test-times","National Institute for Automotive Service Excellence (ASE)","The cost is $46 per test","https://www.ase.com/dist/docs/ADA-Request-Form.pdf","July 1, 2025"
"IRC-1176","Construction, Agriculture","Occupational Safety and Health Administration (OSHA) 30 Certification","https://www.oshaeducationcenter.com/osha-30-hour-training/","Occupational Safety and Health Administration","The costs range from $159 to $800","https://www.ada.gov/resources/testing-accommodations/","July 1, 2025"
"IRC-1177","Digital Technology","Oracle Certified Associate, Java SE 8 Programmer","https://education.oracle.com/oracle-certified-foundations-associate-database/trackp_371","Oracle","","https://www.pearsonvue.com/us/en/test-takers/accommodations.html","July 1, 2025"
"IRC-1178","Digital Technology","Oracle Certified Associate, Database SQL","https://education.oracle.com/oracle-database-sql-certified-associate/trackp_457","Oracle","The cost is $245","https://www.oracle.com/corporate/accessibility/learning-support/","July 1, 2025"
"IRC-1179","Digital Technology","Oracle Certified Foundations Associate, Database","https://education.oracle.com/oracle-certified-foundations-associate-database/trackp_371","Oracle","The cost is $287","https://www.oracle.com/corporate/accessibility/learning-support/","July 1, 2025"
"IRC-1180","Digital Technology","Oracle Certified Foundations Associate, Java","https://education.oracle.com/oracle-certified-foundations-associate-java/trackp_372","Oracle","The exam is $95","https://www.oracle.com/corporate/accessibility/learning-support/","July 1, 2025"
"IRC-1181","Public Service & Safety","Paramedic (MIEMSS)","https://www.miemss.org/home/ems-providers/initial-certification","Maryland Institute for Emergency Medical Services (MIEMSS)","Cost not listed for high school students.","https://www.nremt.org/Policies/Examination-Policies/ADA-Accommodations","July 1, 2025"
"IRC-1182","Education","ParaPro","https://parapro.ets.org/","Educational Testing Service (ETS)","The test fee is $85","https://parapro.ets.org/disability-accommodations/parapro-disability-accommodations.html","July 1, 2025"
"IRC-1183","Healthcare & Human Services","Pharmacy Technician License","https://pharmacytechacademy.com/maryland-pharmacy-tech-requirements#:~:text=Complete%20a%20Maryland%2DSpecific%20Training,exposure%20in%20a%20pharmacy%20setting.","Maryland Board of Pharmacy","The registration fee is $45","https://bpsweb.org/apply-for-ada-accommodations/#:~:text=BPS%20complies%20with%20relevant%20provisions,inspection%20by%20test%20center%20staff.","July 1, 2025"
"IRC-1184","Healthcare & Human Services","Phlebotomy Technician","https://americanmedtech.org/phlebotomy-technician","American Medical Technologists (AMT)","Ranges from $119 to $125","https://americanmedtech.org/resource-library/category/supplementary-forms/ada-testing-accommodation-form","July 1, 2025"
"IRC-1185","Education","PraxisCORE","https://praxis.ets.org/states/about/overview-tests.html","Educational Testing Service (ETS)","The exam fee is $90","https://praxis.ets.org/test-takers/disability-accommodations.html","July 1, 2025"
"IRC-1186","Agriculture","Principles of Livestock Selection & Evaluation Certification","https://www.icevonline.com/livestock-evaluation","National Collegiate Livestock Coaches' Association (NCLCA)","The exam voucher is $40 and non-subscriber, it is $50","https://www.icevonline.com/accommodations","July 1, 2025"
"IRC-1187","Arts, Entertainment & Design","PrintED","https://printcommunications.org/education/","Printing & Graphic Communicaitons Association (PGCA)","The PrintED assessment fee for students is $12","https://printcommunications.org/education/","July 1, 2025"
"IRC-1188","Management and Entrepreneurship, Financial Services","Quickbooks Certified User Desktop Certification","https://quickbookstraining.com/quickbooks-certification","Intuit","The cost can range around $130","https://certiport.pearsonvue.com/Educator-resources/Exam-policies/Accommodations.aspx","July 1, 2025"
"IRC-1189","Management and Entrepreneurship, Financial Services","Quickbooks Certified User Online Certification","https://quickbookstraining.com/quickbooks-certification","Intuit","Exam is $150","https://certiport.pearsonvue.com/Educator-resources/Exam-policies/Accommodations.aspx","July 1, 2025"
"IRC-1190","Public Service & Safety","Rescue Tech - Site Ops","https://www.mfri.org/","Maryland Fire and Rescue Institute","Cost not listed for high school students.","https://www.mfri.org/equity/","July 1, 2025"
"IRC-1191","Public Service & Safety","Rescue Tech - Vehicle and Machinery Extraction","https://www.mfri.org/","Maryland Fire and Rescue Institute","Cost not listed for high school students.","https://www.mfri.org/equity/","July 1, 2025"
"IRC-1192","Digital Technology","Security Fundamentals - 98-367","https://trainingsupport.microsoft.com/en-us/mcp/forum/all/mta-security-fundamentals-98-367-certificate-exam/12de842c-4483-478a-b6d2-e97c66862f51","Microsoft","The cost is around $127","https://learn.microsoft.com/en-us/credentials/certifications/accommodations","July 1, 2025"
"IRC-1193","Hospitality, Events, and Tourism","ServSafe Manager","https://www.servsafe.com/access/ss/Catalog/ProductList/10","ServSafe","Online Proctored Exam $179","https://www.servsafe.com/ServSafe/media/ServSafe/Documents/SSFS-Examinee-Handbook.pdf","July 1, 2025"
"IRC-1194","Agriculture","SFMA - Turfgrass Science Certification","https://www.sportsfieldmanagement.org/turfgrass-science-certification/","Sports Field Management Association","The cost is free for SFMA members & $60 for non-members","https://www.sportsfieldmanagement.org/conferences/accommodations/","July 1, 2025"
"IRC-1195","Digital Technology","SOC Operating Analyst I","https://bcrcyber.com/training-certification/","BCR Cyber","","https://bcrcyber.com/training-certification/","July 1, 2025"
"IRC-1196","Supply Chain & Transportation","Structural Analysis and Damage Repair student","https://www.ase.com/dates-fees-test-times","National Institute for Automotive Service Excellence (ASE)","The cost is $46 per test","https://www.ase.com/dist/docs/ADA-Request-Form.pdf","July 1, 2025"
"IRC-1197","Management and Entrepreneurship","The Council for Six Sigma Certification","https://www.sixsigmacouncil.org/six-sigma-white-belt-certification/","Six Sigma - Sigma White","Certification is free for the White Belt","https://www.sixsigmacouncil.org/","July 1, 2025"
"IRC-1198","Public Service & Safety","Truck Company Fireground Ops","https://www.mfri.org/","Maryland Fire and Rescue Institute","Cost not listed for high school students.","https://www.mfri.org/equity/","July 1, 2025"
"IRC-1199","Arts, Entertainment & Design","Unity Certified User Certification - Artist","https://unity.com/products/unity-certifications","Unity (Certiport)","The cost is $130","https://certiport.pearsonvue.com/Educator-resources/Exam-policies/Accommodations.aspx","July 1, 2025"
"IRC-1200","Arts, Entertainment & Design","Unity Certified User Certification - Programmer","https://unity.com/products/unity-certifications","Unity (Certiport)","The cost is $130","https://certiport.pearsonvue.com/Educator-resources/Exam-policies/Accommodations.aspx","July 1, 2025"
"IRC-1201","Arts, Entertainment & Design","Unity Certified User Certification - VR Developer","https://unity.com/products/unity-certifications","Unity (Certiport)","The cost is $130","https://certiport.pearsonvue.com/Educator-resources/Exam-policies/Accommodations.aspx","July 1, 2025"
"IRC-1202","Arts, Entertainment & Design","USITT Backstage Theatre Certification","https://www.usitt.org/education-training/backstage/backstage-exam","United States Institute for Theatre Technology, Inc. (USITT)","The fee is $30 per individual or bulk pricing for your class.","","July 1, 2025"
"IRC-1203","Supply Chain & Transportation","ASE A1 - Engine Repair","https://ase.com/","National Institute for Automotive Service Excellence (ASE)","The tests are $59 each and a $34 registration fee","https://www.ase.com/dist/docs/ADA-Request-Form.pdf","July 1, 2025"
"IRC-1204","Supply Chain & Transportation","ASE A2 - Automotive Transmission/Transaxle","https://ase.com/","National Institute for Automotive Service Excellence (ASE)","The tests are $59 each and a $34 registration fee","https://www.ase.com/dist/docs/ADA-Request-Form.pdf","July 1, 2025"
"IRC-1205","Supply Chain & Transportation","ASE A3 - Manual Drive Train & Axles","https://ase.com/","National Institute for Automotive Service Excellence (ASE)","The tests are $59 each and a $34 registration fee","https://www.ase.com/dist/docs/ADA-Request-Form.pdf","July 1, 2025"
"IRC-1206","Supply Chain & Transportation","ASE A4 - Suspension & Steering","https://ase.com/","National Institute for Automotive Service Excellence (ASE)","The tests are $59 each and a $34 registration fee","https://www.ase.com/dist/docs/ADA-Request-Form.pdf","July 1, 2025"
"IRC-1207","Supply Chain & Transportation","ASE A5 - Brakes","https://ase.com/","National Institute for Automotive Service Excellence (ASE)","The tests are $59 each and a $34 registration fee","https://www.ase.com/dist/docs/ADA-Request-Form.pdf","July 1, 2025"
"IRC-1208","Supply Chain & Transportation","ASE A6 - Electrical/Electronic Systems","https://ase.com/","National Institute for Automotive Service Excellence (ASE)","The tests are $59 each and a $34 registration fee","https://www.ase.com/dist/docs/ADA-Request-Form.pdf","July 1, 2025"
"IRC-1209","Supply Chain & Transportation","ASE A7 - Heating & Air Conditioning","https://ase.com/","National Institute for Automotive Service Excellence (ASE)","The tests are $59 each and a $34 registration fee","https://www.ase.com/dist/docs/ADA-Request-Form.pdf","July 1, 2025"
"IRC-1210","Supply Chain & Transportation","ASE A8 - Engine Performance","https://ase.com/","National Institute for Automotive Service Excellence (ASE)","The tests are $59 each and a $34 registration fee","https://www.ase.com/dist/docs/ADA-Request-Form.pdf","July 1, 2025"
"IRC-1211","Supply Chain & Transportation","ASE A9 - Light Vehicle Diesel Engines","https://ase.com/","National Institute for Automotive Service Excellence (ASE)","The tests are $59 each and a $34 registration fee","https://www.ase.com/dist/docs/ADA-Request-Form.pdf","July 1, 2025"
"IRC-1212","Construction","Pre-Apprenticeship Multi-Craft Core Curriculum (MC3)","https://nabtu.personalearning.com/v3/home","North America's Building Trade Union, Tradesfutures","","","July 1, 2026"
"IRC-1213","Construction","Pre-Apprenticeship Interim Credentials","https://info.interimcredentials.com","Electrical Training Alliance","","","July 1, 2026"
"IRC-1214","Digital Technology","Microsoft Azure Data Fundamentals","https://certiport.pearsonvue.com/Certifications/Microsoft/MCF/Overview","Certiport","$99.00","https://certiport.pearsonvue.com/Educator-resources/Exam-policies/Accommodations","July 1, 2026"
"IRC-1215","Digital Technology","CompTIA Data+","https://www.comptia.org/en-us/certifications/data/v2/","Pearson Vue","$255.00","https://www.comptia.org/en-us/resources/test-policies/candidate-testing-policies/?_gl=1*s65sgv*_up*MQ..*_ga*MTYzNDcwNzk5Ni4xNzYxOTE5MTc2*_ga_Z1ZV6990VN*czE3NjE5MTkxNzUkbzEkZzAkdDE3NjE5MTkxNzUkajYwJGwwJGg0ODgzMTAyNDE.","July 1, 2026"
"IRC-1216","Digital Technology","WISE Certification","https://www.wisecertification.com/","CTIA - The Wireless Association","","https://www.ctia.org/","July 1, 2026"
"IRC-1217","Healthcare & Human Services","Community Health Worker","https://www.hopkinsmedicine.org/johns-hopkins-howard-county/services/population-health/community-care-team/chw-training-program#:~:text=Johns%20Hopkins%20Howard%20County%20Medical%20Center%20offers%20training%20and%20certification,weekly%2C%20discussion%20board%20posts%20online","Johns Hopkins Howard County Medical Center's CHW Training Program","","https://publichealth.jhu.edu/center-for-health-equity/community-health-workers","July 1, 2026"
"IRC-1218","Healthcare & Human Services","National Association of Sports Medicine-Certified Personal Trainer","https://www.nasm.org/","National Association of Sports Medicine","","https://support.nasm.org/does-nasm-afaa-offer-any-special-accommodations","July 1, 2026"
"IRC-1219","Public Service & Safety","Emergency Telecommunicator Certificate (ETC)","https://www.emergencydispatch.org/home","International Academies of Emergency Dispatch (IAED)","","https://www.emergencydispatch.org/what-we-do/member-services","July 1, 2026"
"IRC-1220","Supply Chain & Transportation","ASE Medium Heavy Truck T1 - Gasoline Engines","https://ase.com/test-series","National Institute for Automotive Service Excellence","$62.00","https://www.ase.com/ada2","July 1, 2026"
"IRC-1221","Supply Chain & Transportation","ASE Medium Heavy Truck T2 - Diesel Engines","https://ase.com/test-series","National Institute for Automotive Service Excellence","$62.00","https://www.ase.com/ada2","July 1, 2026"
"IRC-1222","Supply Chain & Transportation","ASE Medium Heavy Truck T3 - Drive Train","https://ase.com/test-series","National Institute for Automotive Service Excellence","$62.00","https://www.ase.com/ada2","July 1, 2026"
"IRC-1223","Supply Chain & Transportation","ASE Medium Heavy Truck T4 - Brakes","https://ase.com/test-series","National Institute for Automotive Service Excellence","$62.00","https://www.ase.com/ada2","July 1, 2026"
"IRC-1224","Supply Chain & Transportation","ASE Medium Heavy Truck T5 - Suspension and Steering","https://ase.com/test-series","National Institute for Automotive Service Excellence","$62.00","https://www.ase.com/ada2","July 1, 2026"
"IRC-1225","Supply Chain & Transportation","ASE Medium Heavy Truck T6 - Electrical/Electronic Systems","https://ase.com/test-series","National Institute for Automotive Service Excellence","$62.00","https://www.ase.com/ada2","July 1, 2026"
"IRC-1226","Supply Chain & Transportation","ASE Medium Heavy Truck T1 - Gasoline Engines","https://ase.com/test-series","National Institute for Automotive Service Excellence","$62.00","https://www.ase.com/ada2","July 1, 2026"
"IRC-1227","Supply Chain & Transportation","ASE Medium Heavy Truck T1 - Gasoline Engines","https://ase.com/test-series","National Institute for Automotive Service Excellence","$62.00","https://www.ase.com/ada2","July 1, 2026"
"IRC-1228","Supply Chain & Transportation","Aluminum & Steel Small Dent Removal","https://academy.i-car.com/schools/","I-CAR","$286.00","https://ed.sc.gov/instruction/career-and-technical-education/performance-accountability/career-and-technical-education-technical-skill-assessments/i-car-testing-information-form/#:~:text=What%20accommodations%20do%20you%20routinely,CAR%20or%20the%20proctor%20/%20instructor.","July 1, 2026"
"IRC-1229","Supply Chain & Transportation","Collision Repair Fundamentals","https://academy.i-car.com/schools/","I-CAR","$792.00","https://ed.sc.gov/instruction/career-and-technical-education/performance-accountability/career-and-technical-education-technical-skill-assessments/i-car-testing-information-form/#:~:text=What%20accommodations%20do%20you%20routinely,CAR%20or%20the%20proctor%20/%20instructor.","July 1, 2026"
"IRC-1230","Supply Chain & Transportation","Disassembly and Reassembly","https://academy.i-car.com/schools/","I-CAR","$704.00","https://ed.sc.gov/instruction/career-and-technical-education/performance-accountability/career-and-technical-education-technical-skill-assessments/i-car-testing-information-form/#:~:text=What%20accommodations%20do%20you%20routinely,CAR%20or%20the%20proctor%20/%20instructor.","July 1, 2026"
"IRC-1231","Supply Chain & Transportation","Plastic Repair","https://academy.i-car.com/schools/","I-CAR","$100.00","https://ed.sc.gov/instruction/career-and-technical-education/performance-accountability/career-and-technical-education-technical-skill-assessments/i-car-testing-information-form/#:~:text=What%20accommodations%20do%20you%20routinely,CAR%20or%20the%20proctor%20/%20instructor.","July 1, 2026"
"IRC-1232","Supply Chain & Transportation","Preparation for Refinish","https://academy.i-car.com/schools/","I-CAR","$100.00","https://ed.sc.gov/instruction/career-and-technical-education/performance-accountability/career-and-technical-education-technical-skill-assessments/i-car-testing-information-form/#:~:text=What%20accommodations%20do%20you%20routinely,CAR%20or%20the%20proctor%20/%20instructor.","July 1, 2026"